{
  "swagger" : "2.0",
  "info" : {
    "title" : "DrivewayDentDeletion",
    "version" : "1.0.0",
    "description" : "DrivewayDentDeletion"
  },
  "paths" : {
    "/quote" : {
      "get" : {
        "operationId" : "getQuote",
        "responses" : {
          "200" : {
            "description" : "The operation was successful.",
            "schema" : {
              "type" : "array",
              "items" : {
                "$ref" : "#/definitions/Quote"
              }
            }
          }
        },
        "produces" : [ "application/json" ],
        "description" : "Retrieve quote",
        "parameters" : [ {
          "name" : "QuoteID",
          "in" : "query",
          "type" : "string"
        }, {
          "name" : "Email",
          "in" : "query",
          "type" : "string"
        }, {
          "name" : "Name",
          "in" : "query",
          "type" : "string"
        } ]
      },
      "post" : {
        "operationId" : "postQuote",
        "responses" : {
          "200" : {
            "description" : "The operation was successful."
          }
        },
        "consumes" : [ "application/json" ],
        "produces" : [ "application/json" ],
        "description" : "Insert a quote",
        "parameters" : [ {
          "name" : "body",
          "in" : "body",
          "schema" : {
            "$ref" : "#/definitions/Quote"
          },
          "description" : "The request body for the operation",
          "required" : true
        } ]
      }
    }
  },
  "basePath" : "/drivewayrepair",
  "definitions" : {
    "Quote" : {
      "type" : "object",
      "properties" : {
        "QuoteID" : {
          "type" : "string"
        },
        "Name" : {
          "type" : "string"
        },
        "Email" : {
          "type" : "string"
        },
        "Address" : {
          "type" : "string"
        },
      	"USState" : {
      		"type" : "string"
      	},
      	"LicensePlate" : {
      		"type" : "string"
      	},
        "Versions" : {
            "type" : "string"
        }
      }
    }
  }
}