{
  "swagger": "2.0",
  "schemes": [
    "http"
  ],
  "host": "projection-claims-eei:8080",
  "info": {
    "title": "Projection Claims",
    "version": "1.0.0"
  },
  "paths": {
    "/": {
      "get": {
        "description": "List all customers",
        "operationId": "getQuote",
        "parameters": [
          {
            "name": "quoteid",
            "in": "query",
            "type": "string",
            "required": true
          }
        ],
        "produces": [
          "application/json"
        ],
        "responses": {
          "200": {
            "description": "Claim",
            "schema": {
              "$ref": "#/definitions/Claim"
            }
          }
        }
      }
    }
  },
  "definitions": {
    "Claim": {
      "required": [
        "address",
        "claimstatus",
        "email",
        "licenseplate",
        "name",
        "quoteid",
        "usstate"
      ],
      "type": "object",
      "properties": {
        "address": {
          "type": "string"
        },
        "claimstatus": {
          "type": "string"
        },
        "email": {
          "type": "string",
          "format": "email"
        },
        "licenseplate": {
          "type": "string"
        },
        "name": {
          "type": "string"
        },
        "quoteid": {
          "type": "string",
          "format": "uuid"
        },
        "usstate": {
          "type": "string"
        }
      }
    }
  }
}